{
    "gold_results": {
        "Paper Coverage": 0.4757495590828924,
        "Result Coverage": 0.3858906525573193,
        "RBO": 0.4265843621399177
    }
}